,,,,,,,,,,,,,,,,,,,,,,,,,,,,,,,,,,,,,,,,,,,,,,,,,,,,,,,,,,,,,,,,,,,,,,,,,,,,,,,,,,,,,,,,,,,,,,,,,,,,,,,,,,,,,,,,,,,,,,,,,,,,,,,,,,,,,,,,,,,,,,,,,,,,,,,,,,,,,,,,z,,,,,,,,,,,,,,,,,,,,,,,,,,,,,,,,,
,Event #,1,2,3,4,5,6,7,8,9,10,11,12,13,14,15,16,17,18,19,20,21,22,23,24,25,26,27,28,29,30,31,32,33,34,35,36,37,38,39,40,41,42,43,44,45,46,47,48,49,50,51,52,53,54,55,56,57,58,59,60,61,62,63,64,65,66,67,68,69,70,71,72,73,74,75,76,77,78,79,80,81,82,83,84,85,86,87,88,89,90,91,92,93,94,95,96,97,98,99,100,101,102,103,104,105,106,107,108,109,110,111,112,113,114,115,116,117,118,119,120,121,122,123,124,125,126,127,128,129,130,131,132,133,134,135,136,137,138,139,140,141,142,143,144,145,146,147,148,149,150,151,152,153,154,155,156,157,158,159,160,161,162,163,164,165,166,167,168,169,170,171,172,173,174,175,176,177,178,179,180,181,182,183,184,185,186,187,188,189,190,191,192
,(Measure# -2),,0,2,2,2,3,4,5,8,9,9,10,11,11,13,13,14,15,16,18,20,20,22,22,23,25,26,29,30,30,32,33,33,34,35,36,36,36,36,37,37,37,37,38,38,38,39,39,40,40,41,41,42,43,46,46,47,47,48,48,49,49,50,50,50,50,51,52,52,52,52,53,53,53,53,53,54,54,54,54,54,54,55,55,55,55,56,56,58,59,59,59,59,60,61,63,64,64,65,65,65,65,66,66,66,67,67,67,67,67,67,67,67,67,68,68,68,69,71,72,75,75,76,76,78,87,95,96,96,96,96,97,97,97,97,98,98,98,98,98,99,99,99,99,100,100,100,100,100,100,100,101,101,101,101,102,105,110,113,114,114,115,116,117,118,118,119,120,120,122,122,123,124,125,125,125,126,127,127,128,129,130,130,131,132,133,133,135,136,136,137,138
,Measure #,1,2,4,4,4,5,6,7,10,11,11,12,13,13,15,15,16,17,18,20,22,22,24,24,25,27,28,31,32,32,34,35,35,36,37,38,38,38,38,39,39,39,39,40,40,40,41,41,42,42,43,43,44,45,48,48,49,49,50,50,51,51,52,52,52,52,53,54,54,54,54,55,55,55,55,55,56,56,56,56,56,56,57,57,57,57,58,58,60,61,61,61,61,62,63,65,66,66,67,67,67,67,68,68,68,69,69,69,69,69,69,69,69,69,70,70,70,71,73,74,77,77,78,78,80,89,97,98,98,98,98,99,99,99,99,100,100,100,100,100,101,101,101,101,102,102,102,102,102,102,102,103,103,103,103,104,107,112,115,116,116,117,118,119,120,120,121,122,122,124,124,125,126,127,127,127,128,129,129,130,131,132,132,133,134,135,135,137,138,138,139,140
,Position (beat),1-of-4,1-of-4,1-of-4,3-of-4,4-of-4,1-of-4,1-of-4,3-of-4,1-of-4,1-of-4,4-of-4,1-of-4,1-of-4,3-of-4,1-of-4,4-of-4,2-of-4,1-of-4,3-of-4,1-of-4,2+3/8-of-4,3-of-4,1-of-4,2-of-4,2-of-4,3-of-4,3-of-4,1+1/2-of-4,2+1/2-of-3,3+1/2-of-3,3-of-3,1+1/2-of-3,2-of-3,2-of-4,4+1/2-of-4,2-of-4,2+1/2-of-4,3+1/2-of-4,4-of-4,1-of-4,2-of-4,3-of-4,4-of-4,1+1/2-of-4,2-of-4,3-of-4,1-of-4,4+1/2-of-4,2-of-4,4+1/2-of-4,1-of-4,4-of-4,2-of-4,1-of-4,2-of-3,3-of-3,1+1/2-of-3,3-of-3,1-of-3,3-of-3,1-of-4,1+1/2-of-4,1+1/2-of-3,2-of-3,2+1/2-of-3,3+1/2-of-3,2-of-3,1-of-3,1+1/2-of-3,2+1/2-of-3,3-of-3,1-of-3,1+1/2-of-3,2-of-3,2+1/2-of-3,3+1/2-of-3,1-of-3,1+1/2-of-3,2-of-3,2+1/2-of-3,3-of-3,3+1/2-of-3,1-of-3,1+1/2-of-3,2-of-3,3-of-3,1+1/2-of-3,2-of-3,4+1/2-of-4,1+2/7-of-4,1+1/2-of-4,3-of-4,3+1/2-of-4,3-of-3,3-of-3,2-of-3,3-of-4,3+1/2-of-4,2-of-4,2+1/2-of-4,3+2/7-of-4,3+1/2-of-4,3-of-4,3+1/2-of-4,4+1/4-of-4,1-of-4,1+1/2-of-4,2-of-4,2+1/2-of-4,2+3/4-of-4,3-of-4,3+3/4-of-4,4-of-4,4+1/2-of-4,1-of-3,2-of-3,3-of-3,2-of-3,1-of-3,2-of-2,1+1/2-of-4,3+1/2-of-4,1+1/2-of-4,3-of-4,1-of-3,1-of-4,3+1/2-of-4,1-of-4,2-of-4,3-of-4,4-of-4,1-of-4,2-of-4,3-of-4,4-of-4,1-of-4,1+1/2-of-4,2-of-4,3-of-4,4-of-4,1-of-4,2-of-4,3-of-4,3+1/2-of-4,1-of-4,2-of-4,2+1/2-of-4,3-of-4,3+1/2-of-4,4-of-4,4+1/2-of-4,2-of-4,2+1/2-of-4,3-of-4,3+1/2-of-4,1-of-4,1-of-4,1-of-4,3-of-4,2-of-4,3-of-4,3-of-3,2-of-4,2-of-3,2-of-3,3-of-3,1-of-3,1-of-3,3-of-3,1-of-3,3-of-3,1+1/2-of-3,1-of-3,1-of-3,1+1/2-of-3,3-of-3,2-of-3,2-of-3,3-of-3,2+1/2-of-3,1+1/2-of-3,1+1/2-of-3,2+1/2-of-3,2+1/2-of-3,3+1/2-of-3,1+1/2-of-3,3-of-3,2+1/2-of-3,2-of-3,3+1/2-of-3,2+1/2-of-3,2-of-3
,"Soprano 3: Console Slots 16,29,44",,,primerTones/short29.mp3,primerTones/short37.mp3,,primerTones/short37.mp3,,primerTones/short31.mp3,,primerTones/long97.mp3,,primerTones/short46.mp3,primerTones/long97.mp3,primerTones/long96.mp3,primerTones/long95.mp3,primerTones/long95.mp3,,,primerTones/long92.mp3,,,,,,,,,primerTones/short43.mp3,primerTones/short43.mp3,primerTones/short43.mp3,primerTones/short43.mp3,primerTones/short43.mp3,,primerTones/short43.mp3,primerTones/short38.mp3,primerTones/short42.mp3,primerTones/short35.mp3,primerTones/short36.mp3,primerTones/short38.mp3,primerTones/short41.mp3,,primerTones/short40.mp3,primerTones/short40.mp3,primerTones/short45.mp3,,primerTones/short37.mp3,primerTones/short37.mp3,primerTones/short32.mp3,,primerTones/short32.mp3,primerTones/short32.mp3,,,primerTones/short38.mp3,primerTones/short29.mp3,primerTones/short38.mp3,primerTones/short31.mp3,primerTones/short36.mp3,primerTones/short41.mp3,primerTones/short40.mp3,,primerTones/short31.mp3,primerTones/short41.mp3,,primerTones/short43.mp3,primerTones/short45.mp3,primerTones/short46.mp3,primerTones/short29.mp3,primerTones/short36.mp3,primerTones/short38.mp3,primerTones/short40.mp3,,primerTones/short41.mp3,,primerTones/short43.mp3,,primerTones/short45.mp3,,primerTones/short47.mp3,,,,,,,,,,,,,,,,,,primerTones/short39.mp3,primerTones/short30.mp3,,,,primerTones/short37.mp3,primerTones/short44.mp3,primerTones/short36.mp3,primerTones/short37.mp3,,primerTones/short39.mp3,,,primerTones/short42.mp3,primerTones/short39.mp3,,,,primerTones/short40.mp3,primerTones/short40.mp3,primerTones/long88.mp3,primerTones/long84.mp3,primerTones/long89.mp3,primerTones/long93.mp3,primerTones/short38.mp3,primerTones/short43.mp3,primerTones/short44.mp3,,,,primerTones/short40.mp3,primerTones/short41.mp3,,,,primerTones/short37.mp3,,,,,,,,primerTones/short37.mp3,primerTones/short40.mp3,,,,,,,,,primerTones/short37.mp3,primerTones/short41.mp3,primerTones/short43.mp3,primerTones/short45.mp3,,,primerTones/long89.mp3,,,primerTones/short26.mp3,primerTones/short27.mp3,primerTones/short24.mp3,primerTones/short26.mp3,primerTones/short27.mp3,primerTones/short24.mp3,primerTones/short26.mp3,primerTones/short27.mp3,primerTones/short24.mp3,primerTones/short26.mp3,primerTones/short27.mp3,primerTones/short24.mp3,,,,,,,,,,primerTones/short28.mp3,primerTones/short31.mp3,primerTones/short25.mp3,primerTones/short28.mp3,primerTones/short31.mp3,primerTones/short25.mp3,primerTones/short28.mp3,primerTones/short31.mp3,primerTones/short25.mp3,primerTones/short28.mp3,primerTones/short31.mp3,primerTones/short25.mp3,primerTones/short25.mp3
,CorrespondingNote Soprano 3 [Green],,,F4,Db5,,Db5,,G4,,B5,,Bb5,B5,Bb5,A5,A5,,,Gb5,,,,,,,,,G5,G5,G5,G5,G5,,G5,D5,Gb5,B4,C5,D5,F5,,E5,E5,A5,,Db5,Db5,Ab4,,Ab4,Ab4,,,D5,F4,D5,G4,C5,F5,E5,,G4,F5,,G5,A5,Bb5,F4,C5,D5,E5,,F5,,G5,,A5,,B5,,,,,,,,,,,,,,,,,,Eb5,Gb4,,,,Db5,Ab5,C5,Db5,,Eb5,,,Gb5,Eb5,,,,E5,E5,D5,Bb4,Eb5,G5,D5,G5,Ab5,,,,E5,F5,,,,Db5,,,,,,,,Db5,E5,,,,,,,,,Db5,F5,G5,A5,,,Eb5,,,D4,Eb4,C4,D4,Eb4,C4,D4,Eb4,C4,D4,Eb4,C4,,,,,,,,,,E4,G4,Db4,E4,G4,Db4,E4,G4,Db4,E4,G4,Db4,Db4
,LCR-Event: LEFT (file name),,,,,,,,,,,,,,,,,,,,,,,,,,,,,,,,,,,,,,,,,,,,,,,,,,,,,,,,,,,,,,,,,,,,,,,,,,,,,,,,,,,,,,,,,,,,,,,,,,,,,,,,,,,,,,,,,,,,,,,,,,,,,,,,,,,,,,,,,,,,,,,,,,,,,,,,,,,,,,,,,,,,,,,,,,,,,,,,,,,,,,,,,,,,,,,,
,torch.midi (file name),,,,,,,,,,,,,,,,,,,,,,,,,,,,,,,,,,,,,,,,,,,,,,,,,,,,,,,,,,,,,,,,,,,,,,,,,,,,,,,,,,,,,,,,,,,,,,,,,,,,,,,,,,,,,,,,,,,,,,,,,,,,,,,,,,,,,,,,,,,,,,,,,,,,,,,,,,,,,,,,,,,,,,,,,,,,,,,,,,,,,,,,,,,,,,,,
,"Soprano 4: Console Slots 12,24,25",,,primerTones/short29.mp3,primerTones/short37.mp3,,primerTones/short37.mp3,,primerTones/short26.mp3,,primerTones/long94.mp3,,primerTones/short41.mp3,primerTones/long94.mp3,primerTones/long95.mp3,primerTones/long90.mp3,primerTones/long91.mp3,,,primerTones/long88.mp3,,,,,,,,,primerTones/short39.mp3,primerTones/short41.mp3,primerTones/short39.mp3,primerTones/short36.mp3,primerTones/short42.mp3,,primerTones/short41.mp3,primerTones/short38.mp3,primerTones/short42.mp3,primerTones/short35.mp3,primerTones/short36.mp3,,primerTones/short34.mp3,primerTones/short35.mp3,primerTones/short36.mp3,,,primerTones/short44.mp3,primerTones/short36.mp3,primerTones/short35.mp3,primerTones/short32.mp3,,primerTones/short32.mp3,primerTones/short32.mp3,,,primerTones/short34.mp3,primerTones/short29.mp3,primerTones/short34.mp3,primerTones/short29.mp3,primerTones/short34.mp3,primerTones/short34.mp3,primerTones/short36.mp3,,primerTones/short31.mp3,primerTones/short40.mp3,,primerTones/short41.mp3,primerTones/short44.mp3,primerTones/short44.mp3,primerTones/short29.mp3,primerTones/short36.mp3,,primerTones/short38.mp3,primerTones/short40.mp3,,,primerTones/short40.mp3,primerTones/short43.mp3,,,primerTones/short45.mp3,primerTones/short41.mp3,,,primerTones/short45.mp3,,,,,,,,,,,,,,,,,,,,,,primerTones/short33.mp3,,,,,,,,,primerTones/short40.mp3,,primerTones/short40.mp3,primerTones/long88.mp3,primerTones/long84.mp3,primerTones/long89.mp3,primerTones/long93.mp3,primerTones/short38.mp3,primerTones/short40.mp3,primerTones/short37.mp3,,,,primerTones/short40.mp3,primerTones/short37.mp3,,,,primerTones/short37.mp3,,,,primerTones/short37.mp3,,,,,primerTones/short37.mp3,,,,,,,,,primerTones/short33.mp3,primerTones/short37.mp3,primerTones/short43.mp3,,,,primerTones/long89.mp3,,,primerTones/short26.mp3,primerTones/short27.mp3,primerTones/short24.mp3,primerTones/short26.mp3,primerTones/short27.mp3,primerTones/short24.mp3,primerTones/short26.mp3,primerTones/short27.mp3,primerTones/short24.mp3,primerTones/short26.mp3,primerTones/short27.mp3,primerTones/short24.mp3,,,,,,,,,,primerTones/short28.mp3,primerTones/short31.mp3,primerTones/short25.mp3,primerTones/short28.mp3,primerTones/short31.mp3,primerTones/short25.mp3,primerTones/short28.mp3,primerTones/short31.mp3,primerTones/short25.mp3,primerTones/short28.mp3,primerTones/short31.mp3,primerTones/short25.mp3,primerTones/short25.mp3
,CorrespondingNote Soprano 4 [Magenta],,,F4,Db5,,Db5,,D4,,Ab5,,F5,Ab5,A5,E5,F5,,,D5,,,,,,,,,Eb5,F5,Eb5,C5,Gb5,,F5,D5,Gb5,B4,C5,,Bb4,B4,C5,,,Ab5,C5,B4,Ab4,,Ab4,Ab4,,,Bb4,F4,Bb4,F4,Bb4,Bb4,C5,,G4,E5,,F5,Ab5,Ab5,F4,C5,,D5,E5,,,E5,G5,,,A5,F5,,,A5,,,,,,,,,,,,,,,,,,,,,,A4,,,,,,,,,E5,,E5,D5,Bb4,Eb5,G5,D5,E5,Db5,,,,E5,Db5,,,,Db5,,,,Db5,,,,,Db5,,,,,,,,,A4,Db5,G5,,,,Eb5,,,D4,Eb4,C4,D4,Eb4,C4,D4,Eb4,C4,D4,Eb4,C4,,,,,,,,,,E4,G4,Db4,E4,G4,Db4,E4,G4,Db4,E4,G4,Db4,Db4
,LCR-Event: RIGHT (file name),,,,,,,,,,,,,,,,,,,,,,,,,,,,,,,,,,,,,,,,,,,,,,,,,,,,,,,,,,,,,,,,,,,,,,,,,,,,,,,,,,,,,,,,,,,,,,,,,,,,,,,,,,,,,,,,,,,,,,,,,,,,,,,,,,,,,,,,,,,,,,,,,,,,,,,,,,,,,,,,,,,,,,,,,,,,,,,,,,,,,,,,,,,,,,,,
,torch.midi (file name),,,,,,,,,,,,,,,,,,,,,,,,,,,,,,,,,,,,,,,,,,,,,,,,,,,,,,,,,,,,,,,,,,,,,,,,,,,,,,,,,,,,,,,,,,,,,,,,,,,,,,,,,,,,,,,,,,,,,,,,,,,,,,,,,,,,,,,,,,,,,,,,,,,,,,,,,,,,,,,,,,,,,,,,,,,,,,,,,,,,,,,,,,,,,,,,
,"Soprano 5: Console Slots 23,38,51",,,primerTones/short29.mp3,primerTones/short37.mp3,,primerTones/short37.mp3,,primerTones/short26.mp3,,primerTones/long90.mp3,,primerTones/short38.mp3,primerTones/long90.mp3,primerTones/long93.mp3,primerTones/long87.mp3,primerTones/long88.mp3,,,primerTones/long87.mp3,,,,,,,,,primerTones/short38.mp3,primerTones/short40.mp3,primerTones/short38.mp3,primerTones/short31.mp3,primerTones/short38.mp3,,primerTones/short36.mp3,,,,primerTones/short34.mp3,,primerTones/short34.mp3,primerTones/short35.mp3,primerTones/short36.mp3,,,primerTones/short40.mp3,primerTones/short32.mp3,primerTones/short32.mp3,primerTones/short32.mp3,,primerTones/short32.mp3,primerTones/short32.mp3,,,primerTones/short34.mp3,primerTones/short29.mp3,primerTones/short29.mp3,primerTones/short28.mp3,primerTones/short28.mp3,primerTones/short26.mp3,primerTones/short29.mp3,primerTones/short28.mp3,primerTones/short26.mp3,primerTones/short34.mp3,,primerTones/short36.mp3,primerTones/short38.mp3,primerTones/short41.mp3,primerTones/short28.mp3,primerTones/short36.mp3,primerTones/short33.mp3,,,primerTones/short38.mp3,,primerTones/short36.mp3,,primerTones/short43.mp3,,primerTones/short43.mp3,primerTones/short40.mp3,,primerTones/short43.mp3,,,,,,,,,,,,,,,,,,,,,,,,,,,,,,,,primerTones/short40.mp3,,primerTones/short40.mp3,primerTones/long80.mp3,primerTones/long81.mp3,primerTones/long82.mp3,primerTones/long86.mp3,primerTones/short35.mp3,primerTones/short40.mp3,primerTones/short37.mp3,primerTones/short36.mp3,,,primerTones/short40.mp3,primerTones/short37.mp3,primerTones/short37.mp3,,,primerTones/short36.mp3,primerTones/short36.mp3,,,primerTones/short33.mp3,,,,primerTones/short32.mp3,primerTones/short36.mp3,,,,,,,primerTones/short36.mp3,,,,primerTones/short41.mp3,,,,primerTones/long84.mp3,,,primerTones/short26.mp3,primerTones/short27.mp3,primerTones/short24.mp3,primerTones/short26.mp3,primerTones/short27.mp3,primerTones/short24.mp3,primerTones/short26.mp3,primerTones/short27.mp3,primerTones/short24.mp3,primerTones/short26.mp3,primerTones/short27.mp3,primerTones/short24.mp3,,,,,,,,,,primerTones/short28.mp3,primerTones/short31.mp3,primerTones/short25.mp3,primerTones/short28.mp3,primerTones/short31.mp3,primerTones/short25.mp3,primerTones/short28.mp3,primerTones/short31.mp3,primerTones/short25.mp3,primerTones/short28.mp3,primerTones/short31.mp3,primerTones/short25.mp3,primerTones/short25.mp3
,CorrespondingNote Soprano 5 [Orange],,,F4,Db5,,Db5,,D4,,E5,,D5,E5,G5,Db5,D5,,,Db5,,,,,,,,,D5,E5,D5,G4,D5,,C5,,,,Bb4,,Bb4,B4,C5,,,E5,Ab4,Ab4,Ab4,,Ab4,Ab4,,,Bb4,F4,F4,E4,E4,D4,F4,E4,D4,Bb4,,C5,D5,F5,E4,C5,A4,,,D5,,C5,,G5,,G5,E5,,G5,,,,,,,,,,,,,,,,,,,,,,,,,,,,,,,,E5,,E5,Gb4,G4,Ab4,C5,B4,E5,Db5,C5,,,E5,Db5,Db5,,,C5,C5,,,A4,,,,Ab4,C5,,,,,,,C5,,,,F5,,,,Bb4,,,D4,Eb4,C4,D4,Eb4,C4,D4,Eb4,C4,D4,Eb4,C4,,,,,,,,,,E4,G4,Db4,E4,G4,Db4,E4,G4,Db4,E4,G4,Db4,Db4
,LCR-Event: RIGHT (file name),,,,,,,,,,,,,,,,,,,,,,,,,,,,,,,,,,,,,,,,,,,,,,,,,,,,,,,,,,,,,,,,,,,,,,,,,,,,,,,,,,,,,,,,,,,,,,,,,,,,,,,,,,,,,,,,,,,,,,,,,,,,,,,,,,,,,,,,,,,,,,,,,,,,,,,,,,,,,,,,,,,,,,,,,,,,,,,,,,,,,,,,,,,,,,,,
,torch.midi (file name),,,,,,,,,,,,,,,,,,,,,,,,,,,,,,,,,,,,,,,,,,,,,,,,,,,,,,,,,,,,,,,,,,,,,,,,,,,,,,,,,,,,,,,,,,,,,,,,,,,,,,,,,,,,,,,,,,,,,,,,,,,,,,,,,,,,,,,,,,,,,,,,,,,,,,,,,,,,,,,,,,,,,,,,,,,,,,,,,,,,,,,,,,,,,,,,
,"Alto 3: Console Slots 27,41,42",,,primerTones/short26.mp3,primerTones/short25.mp3,,primerTones/short25.mp3,,primerTones/short22.mp3,,primerTones/long89.mp3,,primerTones/short34.mp3,primerTones/long89.mp3,primerTones/long84.mp3,primerTones/long83.mp3,primerTones/long83.mp3,primerTones/short33.mp3,,primerTones/long83.mp3,,,,primerTones/short19.mp3,primerTones/short22.mp3,primerTones/short33.mp3,,,primerTones/short36.mp3,primerTones/short38.mp3,primerTones/short36.mp3,primerTones/short28.mp3,primerTones/short31.mp3,,primerTones/short32.mp3,primerTones/short34.mp3,primerTones/short31.mp3,,primerTones/short31.mp3,primerTones/short31.mp3,,primerTones/short30.mp3,primerTones/short29.mp3,,,primerTones/short33.mp3,primerTones/short25.mp3,primerTones/short25.mp3,primerTones/short25.mp3,,,primerTones/short27.mp3,,,primerTones/short32.mp3,primerTones/short28.mp3,primerTones/short26.mp3,primerTones/short22.mp3,primerTones/short28.mp3,primerTones/short26.mp3,primerTones/short24.mp3,primerTones/short21.mp3,primerTones/short20.mp3,primerTones/short31.mp3,,primerTones/short32.mp3,primerTones/short35.mp3,primerTones/short36.mp3,primerTones/short29.mp3,,primerTones/short29.mp3,primerTones/short29.mp3,primerTones/short29.mp3,primerTones/short41.mp3,,,,primerTones/short41.mp3,primerTones/short41.mp3,,,,primerTones/short36.mp3,,primerTones/short43.mp3,,,,primerTones/short29.mp3,primerTones/short31.mp3,primerTones/short34.mp3,primerTones/short30.mp3,primerTones/short28.mp3,primerTones/short22.mp3,,,,,,,,,primerTones/short21.mp3,,,,,,,,,,,,primerTones/short28.mp3,,primerTones/short28.mp3,primerTones/long80.mp3,,primerTones/long82.mp3,primerTones/long86.mp3,primerTones/short35.mp3,primerTones/short31.mp3,primerTones/short32.mp3,primerTones/short33.mp3,,,,,primerTones/short30.mp3,,,,,,primerTones/short30.mp3,primerTones/short30.mp3,,,primerTones/short29.mp3,primerTones/short30.mp3,,primerTones/short32.mp3,primerTones/short30.mp3,,primerTones/short33.mp3,,,,,,,,primerTones/short37.mp3,,,primerTones/long84.mp3,,,primerTones/short24.mp3,primerTones/short26.mp3,primerTones/short22.mp3,primerTones/short24.mp3,primerTones/short26.mp3,primerTones/short22.mp3,primerTones/short24.mp3,primerTones/short26.mp3,primerTones/short22.mp3,primerTones/short24.mp3,primerTones/short26.mp3,primerTones/short22.mp3,primerTones/short23.mp3,primerTones/short24.mp3,primerTones/short21.mp3,primerTones/short23.mp3,primerTones/short24.mp3,primerTones/short21.mp3,primerTones/short23.mp3,primerTones/short24.mp3,primerTones/short21.mp3,primerTones/short20.mp3,primerTones/short22.mp3,primerTones/short19.mp3,primerTones/short20.mp3,primerTones/short22.mp3,primerTones/short19.mp3,primerTones/short20.mp3,primerTones/short22.mp3,primerTones/short19.mp3,primerTones/short20.mp3,primerTones/short22.mp3,primerTones/short19.mp3,primerTones/short21.mp3
,CorrespondingNote Alto 3 [Blue],,,D4,Db4,,Db4,,Bb3,,Eb5,,Bb4,Eb5,Bb4,A4,A4,A4,,A4,,,,G3,Bb3,A4,,,C5,D5,C5,E4,G4,,Ab4,Bb4,G4,,G4,G4,,Gb4,F4,,,A4,Db4,Db4,Db4,,,Eb4,,,Ab4,E4,D4,Bb3,E4,D4,C4,A3,Ab3,G4,,Ab4,B4,C5,F4,,F4,F4,F4,F5,,,,F5,F5,,,,C5,,G5,,,,F4,G4,Bb4,Gb4,E4,Bb3,,,,,,,,,A3,,,,,,,,,,,,E4,,E4,Gb4,,Ab4,C5,B4,G4,Ab4,A4,,,,,Gb4,,,,,,Gb4,Gb4,,,F4,Gb4,,Ab4,Gb4,,A4,,,,,,,,Db5,,,Bb4,,,C4,D4,Bb3,C4,D4,Bb3,C4,D4,Bb3,C4,D4,Bb3,B3,C4,A3,B3,C4,A3,B3,C4,A3,Ab3,Bb3,G3,Ab3,Bb3,G3,Ab3,Bb3,G3,Ab3,Bb3,G3,A3
,LCR-Event: LEFT (file name),,,,,,,,,,,,,,,,,,,,,,,,,,,,,,,,,,,,,,,,,,,,,,,,,,,,,,,,,,,,,,,,,,,,,,,,,,,,,,,,,,,,,,,,,,,,,,,,,,,,,,,,,,,,,,,,,,,,,,,,,,,,,,,,,,,,,,,,,,,,,,,,,,,,,,,,,,,,,,,,,,,,,,,,,,,,,,,,,,,,,,,,,,,,,,,,
,torch.midi (file name),,,,,,,,,,,,,,,,,,,,,,,,,,,,,,,,,,,,,,,,,,,,,,,,,,,,,,,,,,,,,,,,,,,,,,,,,,,,,,,,,,,,,,,,,,,,,,,,,,,,,,,,,,,,,,,,,,,,,,,,,,,,,,,,,,,,,,,,,,,,,,,,,,,,,,,,,,,,,,,,,,,,,,,,,,,,,,,,,,,,,,,,,,,,,,,,
,"Alto 4: Console Slots 1,14,15",,,primerTones/short26.mp3,primerTones/short25.mp3,,primerTones/short25.mp3,,primerTones/short19.mp3,,primerTones/long85.mp3,,primerTones/short29.mp3,primerTones/long85.mp3,primerTones/long84.mp3,primerTones/long78.mp3,primerTones/long79.mp3,primerTones/short29.mp3,primerTones/long80.mp3,primerTones/long80.mp3,,,,primerTones/short19.mp3,primerTones/short22.mp3,primerTones/short33.mp3,primerTones/long74.mp3,primerTones/short18.mp3,primerTones/short27.mp3,primerTones/short34.mp3,primerTones/short27.mp3,primerTones/short28.mp3,primerTones/short30.mp3,,primerTones/short31.mp3,primerTones/short34.mp3,primerTones/short29.mp3,,primerTones/short29.mp3,,primerTones/short29.mp3,,primerTones/short29.mp3,,,primerTones/short33.mp3,primerTones/short25.mp3,primerTones/short25.mp3,primerTones/short24.mp3,,primerTones/short23.mp3,,,,primerTones/short23.mp3,primerTones/short26.mp3,primerTones/short26.mp3,primerTones/short22.mp3,primerTones/short28.mp3,primerTones/short26.mp3,primerTones/short24.mp3,primerTones/short21.mp3,primerTones/short20.mp3,primerTones/short31.mp3,,primerTones/short32.mp3,primerTones/short35.mp3,primerTones/short35.mp3,primerTones/short29.mp3,primerTones/short28.mp3,primerTones/short29.mp3,,,primerTones/short28.mp3,primerTones/short33.mp3,,,primerTones/short36.mp3,,primerTones/short38.mp3,,primerTones/short40.mp3,primerTones/short38.mp3,,primerTones/short40.mp3,,,,primerTones/short27.mp3,primerTones/short31.mp3,primerTones/short34.mp3,primerTones/short30.mp3,primerTones/short28.mp3,primerTones/short22.mp3,,,,,,,,,primerTones/short21.mp3,,,,,,,,,,,,primerTones/short28.mp3,,primerTones/short28.mp3,primerTones/long76.mp3,,primerTones/long77.mp3,primerTones/long81.mp3,primerTones/short26.mp3,primerTones/short31.mp3,primerTones/short32.mp3,,,,,,primerTones/short30.mp3,,primerTones/short29.mp3,,primerTones/short29.mp3,,,,,primerTones/short28.mp3,,,,primerTones/short30.mp3,primerTones/short32.mp3,,,primerTones/short33.mp3,,,,primerTones/short33.mp3,,,,primerTones/short37.mp3,primerTones/short36.mp3,primerTones/long81.mp3,,,primerTones/short24.mp3,primerTones/short26.mp3,primerTones/short22.mp3,primerTones/short24.mp3,primerTones/short26.mp3,primerTones/short22.mp3,primerTones/short24.mp3,primerTones/short26.mp3,primerTones/short22.mp3,primerTones/short24.mp3,primerTones/short26.mp3,primerTones/short22.mp3,primerTones/short23.mp3,primerTones/short24.mp3,primerTones/short21.mp3,primerTones/short23.mp3,primerTones/short24.mp3,primerTones/short21.mp3,primerTones/short23.mp3,primerTones/short24.mp3,primerTones/short21.mp3,primerTones/short20.mp3,primerTones/short22.mp3,primerTones/short19.mp3,primerTones/short20.mp3,primerTones/short22.mp3,primerTones/short19.mp3,primerTones/short20.mp3,primerTones/short22.mp3,primerTones/short19.mp3,primerTones/short20.mp3,primerTones/short22.mp3,primerTones/short19.mp3,primerTones/short21.mp3
,CorrespondingNote Alto 4 [Red],,,D4,Db4,,Db4,,G3,,B4,,F4,B4,Bb4,E4,F4,F4,Gb4,Gb4,,,,G3,G3,A4,C4,Gb3,Eb4,Bb4,Eb4,E4,Gb4,,G4,Bb4,F4,,F4,,F4,,F4,,,A4,Db4,Db4,C4,,B3,,,,B3,D4,D4,Bb3,E4,D4,C4,A3,Ab3,G4,,Ab4,B4,B4,F4,E4,F4,,,E4,A4,,,C5,,D5,,E5,D5,,E5,,,,Eb4,G4,Bb4,Gb4,E4,Bb3,,,,,,,,,A3,,,,,,,,,,,,E4,,E4,D4,,Eb4,G4,D4,G4,Ab4,,,,,,Gb4,,F4,,F4,,,,,E4,,,,Gb4,Ab4,,,A4,,,,A4,,,,Db5,C5,G4,,,C4,D4,Bb3,C4,D4,Bb3,C4,D4,Bb3,C4,D4,Bb3,B3,C4,A3,B3,C4,A3,B3,C4,A3,Ab3,Bb3,G3,Ab3,Bb3,G3,Ab3,Bb3,G3,Ab3,Bb3,G3,A3
,LCR-Event: LEFT (file name),,,,,,,,,,,,,,,,,,,,,,,,,,,,,,,,,,,,,,,,,,,,,,,,,,,,,,,,,,,,,,,,,,,,,,,,,,,,,,,,,,,,,,,,,,,,,,,,,,,,,,,,,,,,,,,,,,,,,,,,,,,,,,,,,,,,,,,,,,,,,,,,,,,,,,,,,,,,,,,,,,,,,,,,,,,,,,,,,,,,,,,,,,,,,,,,
,torch.midi (file name),,,,,,,,,,,,,,,,,,,,,,,,,,,,,,,,,,,,,,,,,,,,,,,,,,,,,,,,,,,,,,,,,,,,,,,,,,,,,,,,,,,,,,,,,,,,,,,,,,,,,,,,,,,,,,,,,,,,,,,,,,,,,,,,,,,,,,,,,,,,,,,,,,,,,,,,,,,,,,,,,,,,,,,,,,,,,,,,,,,,,,,,,,,,,,,,
,"Alto 5: Console Slots 40,53,54",,,primerTones/short26.mp3,primerTones/short25.mp3,,primerTones/short25.mp3,,primerTones/short19.mp3,,primerTones/long78.mp3,,primerTones/short26.mp3,primerTones/long78.mp3,primerTones/long83.mp3,primerTones/long75.mp3,primerTones/long76.mp3,primerTones/short26.mp3,primerTones/long78.mp3,primerTones/long76.mp3,,,,primerTones/short19.mp3,primerTones/short19.mp3,primerTones/short33.mp3,primerTones/long74.mp3,primerTones/short18.mp3,primerTones/short26.mp3,primerTones/short29.mp3,primerTones/short26.mp3,primerTones/short19.mp3,primerTones/short23.mp3,,primerTones/short20.mp3,primerTones/short34.mp3,primerTones/short28.mp3,,primerTones/short29.mp3,,primerTones/short29.mp3,,primerTones/short29.mp3,,,primerTones/short33.mp3,primerTones/short25.mp3,primerTones/short25.mp3,primerTones/short20.mp3,,primerTones/short20.mp3,,,,primerTones/short23.mp3,primerTones/short21.mp3,primerTones/short26.mp3,primerTones/short22.mp3,primerTones/short28.mp3,primerTones/short26.mp3,primerTones/short24.mp3,primerTones/short21.mp3,primerTones/short20.mp3,primerTones/short31.mp3,,primerTones/short32.mp3,primerTones/short35.mp3,primerTones/short35.mp3,primerTones/short24.mp3,primerTones/short24.mp3,,primerTones/short24.mp3,primerTones/short24.mp3,,primerTones/short28.mp3,,primerTones/short33.mp3,,,primerTones/short33.mp3,primerTones/short36.mp3,,,primerTones/short33.mp3,,,,,primerTones/short24.mp3,primerTones/short31.mp3,primerTones/short34.mp3,primerTones/short30.mp3,primerTones/short28.mp3,primerTones/short22.mp3,,,,,,,,,primerTones/short21.mp3,,,,,,,,,,,,primerTones/short28.mp3,,primerTones/short28.mp3,primerTones/long76.mp3,primerTones/long72.mp3,primerTones/long77.mp3,primerTones/long81.mp3,primerTones/short26.mp3,primerTones/short31.mp3,primerTones/short25.mp3,,,,,,primerTones/short22.mp3,,,,,,,,,,,,primerTones/short28.mp3,,,primerTones/short28.mp3,,,,,,,primerTones/short33.mp3,primerTones/short36.mp3,primerTones/short34.mp3,,,primerTones/long81.mp3,,,primerTones/short24.mp3,primerTones/short26.mp3,primerTones/short22.mp3,primerTones/short24.mp3,primerTones/short26.mp3,primerTones/short22.mp3,primerTones/short24.mp3,primerTones/short26.mp3,primerTones/short22.mp3,primerTones/short24.mp3,primerTones/short26.mp3,primerTones/short22.mp3,primerTones/short23.mp3,primerTones/short24.mp3,primerTones/short21.mp3,primerTones/short23.mp3,primerTones/short24.mp3,primerTones/short21.mp3,primerTones/short23.mp3,primerTones/short24.mp3,primerTones/short21.mp3,primerTones/short20.mp3,primerTones/short22.mp3,primerTones/short19.mp3,primerTones/short20.mp3,primerTones/short22.mp3,primerTones/short19.mp3,primerTones/short20.mp3,primerTones/short22.mp3,primerTones/short19.mp3,primerTones/short20.mp3,primerTones/short22.mp3,primerTones/short19.mp3,primerTones/short21.mp3
,CorrespondingNote Alto 5 [Cyan],,,D4,Db4,,Db4,,G3,,E4,,D4,E4,A4,Db4,D4,D4,E4,D4,,,,G3,Bb3,A4,C4,Gb3,D4,F4,D4,G3,B3,,Ab3,Bb4,E4,,F4,,F4,,F4,,,A4,Db4,Db4,Ab3,,Ab3,,,,B3,A3,D4,Bb3,E4,D4,C4,A3,Ab3,G4,,Ab4,B4,B4,C4,C4,,C4,C4,,E4,,A4,,,A4,C5,,,A4,,,,,C4,G4,Bb4,Gb4,E4,Bb3,,,,,,,,,A3,,,,,,,,,,,,E4,,E4,D4,Bb3,Eb4,G4,D4,G4,Db4,,,,,,Bb3,,,,,,,,,,,,E4,,,E4,,,,,,,A4,C5,Bb4,,,G4,,,C4,D4,Bb3,C4,D4,Bb3,C4,D4,Bb3,C4,D4,Bb3,B3,C4,A3,B3,C4,A3,B3,C4,A3,Ab3,Bb3,G3,Ab3,Bb3,G3,Ab3,Bb3,G3,Ab3,Bb3,G3,A3
,LCR-Event: RIGHT (file name),,,,,,,,,,,,,,,,,,,,,,,,,,,,,,,,,,,,,,,,,,,,,,,,,,,,,,,,,,,,,,,,,,,,,,,,,,,,,,,,,,,,,,,,,,,,,,,,,,,,,,,,,,,,,,,,,,,,,,,,,,,,,,,,,,,,,,,,,,,,,,,,,,,,,,,,,,,,,,,,,,,,,,,,,,,,,,,,,,,,,,,,,,,,,,,,
,torch.midi (file name),,,,,,,,,,,,,,,,,,,,,,,,,,,,,,,,,,,,,,,,,,,,,,,,,,,,,,,,,,,,,,,,,,,,,,,,,,,,,,,,,,,,,,,,,,,,,,,,,,,,,,,,,,,,,,,,,,,,,,,,,,,,,,,,,,,,,,,,,,,,,,,,,,,,,,,,,,,,,,,,,,,,,,,,,,,,,,,,,,,,,,,,,,,,,,,,
,"Tenor 2: Console Slots 7,19,34",,,,primerTones/short25.mp3,,primerTones/short25.mp3,,primerTones/short14.mp3,,primerTones/long77.mp3,,primerTones/short22.mp3,primerTones/long77.mp3,primerTones/long76.mp3,primerTones/long83.mp3,primerTones/long83.mp3,primerTones/short26.mp3,primerTones/long78.mp3,primerTones/long75.mp3,,,,primerTones/short22.mp3,primerTones/short22.mp3,primerTones/short21.mp3,primerTones/long74.mp3,primerTones/short18.mp3,primerTones/short26.mp3,primerTones/short29.mp3,primerTones/short26.mp3,primerTones/short28.mp3,primerTones/short30.mp3,,primerTones/short29.mp3,,primerTones/short30.mp3,,primerTones/short26.mp3,primerTones/short26.mp3,,primerTones/short18.mp3,primerTones/short28.mp3,,,primerTones/short33.mp3,primerTones/short25.mp3,primerTones/short25.mp3,primerTones/short24.mp3,,primerTones/short23.mp3,primerTones/short25.mp3,primerTones/short16.mp3,primerTones/short14.mp3,primerTones/short23.mp3,,,,,,,,,,,,,,primerTones/short24.mp3,,,primerTones/short24.mp3,,,,,,,,,,,,,,primerTones/short18.mp3,primerTones/short27.mp3,primerTones/short26.mp3,primerTones/short30.mp3,,,,,,,,,,,primerTones/short30.mp3,primerTones/short21.mp3,,primerTones/short22.mp3,,primerTones/short28.mp3,,primerTones/short19.mp3,,,,,,,,,,,primerTones/long68.mp3,primerTones/long72.mp3,primerTones/long70.mp3,primerTones/long74.mp3,primerTones/short26.mp3,primerTones/short31.mp3,primerTones/short25.mp3,primerTones/short24.mp3,,,,,primerTones/short30.mp3,primerTones/short30.mp3,,,primerTones/short30.mp3,,primerTones/short22.mp3,,,,primerTones/short22.mp3,primerTones/short21.mp3,,primerTones/short21.mp3,,,primerTones/short21.mp3,,primerTones/short29.mp3,,,,,primerTones/short36.mp3,primerTones/short34.mp3,"primerTones/short33.mp3, primerTones/short29.mp3",primerTones/short31.mp3,primerTones/long77.mp3,,,primerTones/short17.mp3,primerTones/short19.mp3,primerTones/short15.mp3,primerTones/short17.mp3,primerTones/short19.mp3,primerTones/short15.mp3,primerTones/short17.mp3,primerTones/short19.mp3,primerTones/short15.mp3,primerTones/short17.mp3,primerTones/short19.mp3,primerTones/short15.mp3,primerTones/short14.mp3,primerTones/short16.mp3,primerTones/short13.mp3,primerTones/short14.mp3,primerTones/short16.mp3,primerTones/short13.mp3,primerTones/short14.mp3,primerTones/short16.mp3,primerTones/short13.mp3,primerTones/short11.mp3,primerTones/short13.mp3,primerTones/short10.mp3,primerTones/short11.mp3,primerTones/short13.mp3,primerTones/short10.mp3,primerTones/short11.mp3,primerTones/short13.mp3,primerTones/short10.mp3,primerTones/short11.mp3,primerTones/short13.mp3,primerTones/short10.mp3,primerTones/short16.mp3
,CorrespondingNote Tenor 2 [Yellow],,,,Db4,,Db4,,D3,,Eb4,,Bb3,Eb4,D4,A4,A4,D4,E4,Db4,,,,Bb3,Bb3,A3,C4,Gb3,D4,F4,D4,E4,Gb4,,F4,,Gb4,,D4,D4,,Gb3,E4,,,A4,Db4,Db4,C4,,B3,Db4,E3,D3,B3,,,,,,,,,,,,,,C4,,,C4,,,,,,,,,,,,,,Gb3,Eb4,D4,Gb4,,,,,,,,,,,Gb4,A3,,Bb3,,E4,,G3,,,,,,,,,,,Gb3,Bb3,Ab3,C4,D4,G4,Db4,C4,,,,,Gb4,Gb4,,,Gb4,,Bb3,,,,Bb3,A3,,A3,,,A3,,F4,,,,,C5,Bb4,"A4, F4",G4,Eb4,,,F3,G3,Eb3,F3,G3,Eb3,F3,G3,Eb3,F3,G3,Eb3,D3,E3,Db3,D3,E3,Db3,D3,E3,Db3,B2,Db3,Bb2,B2,Db3,Bb2,B2,Db3,Bb2,B2,Db3,Bb2,E3
,LCR-Event: CENTER (file name),,,,,,,,,,,,,,,,,,,,,,,,,,,,,,,,,,,,,,,,,,,,,,,,,,,,,,,,,,,,,,,,,,,,,,,,,,,,,,,,,,,,,,,,,,,,,,,,,,,,,,,,,,,,,,,,,,,,,,,,,,,,,,,,,,,,,,,,,,,,,,,,,,,,,,,,,,,,,,,,,,,,,,,,,,,,,,,,,,,,,,,,,,,,,,,,
,torch.midi (file name),,,,,,,,,,,,,,,,,,,,,,,,,,,,,,,,,,,,,,,,,,,,,,,,,,,,,,,,,,,,,,,,,,,,,,,,,,,,,,,,,,,,,,,,,,,,,,,,,,,,,,,,,,,,,,,,,,,,,,,,,,,,,,,,,,,,,,,,,,,,,,,,,,,,,,,,,,,,,,,,,,,,,,,,,,,,,,,,,,,,,,,,,,,,,,,,
,"Baritone 2: Console Slots 9,20,21",,,primerTones/short14.mp3,primerTones/short21.mp3,,primerTones/short21.mp3,,primerTones/short13.mp3,,primerTones/long73.mp3,primerTones/short14.mp3,primerTones/short15.mp3,primerTones/long73.mp3,primerTones/long72.mp3,primerTones/long78.mp3,primerTones/long79.mp3,primerTones/short17.mp3,,primerTones/long71.mp3,,primerTones/long66.mp3,primerTones/long69.mp3,primerTones/short19.mp3,primerTones/short22.mp3,primerTones/short9.mp3,,,primerTones/short20.mp3,primerTones/short22.mp3,primerTones/short20.mp3,primerTones/short19.mp3,,primerTones/short18.mp3,primerTones/short17.mp3,,primerTones/short22.mp3,,primerTones/short28.mp3,,primerTones/short26.mp3,,primerTones/short24.mp3,primerTones/short22.mp3,,primerTones/short25.mp3,primerTones/short17.mp3,primerTones/short16.mp3,primerTones/short13.mp3,primerTones/short13.mp3,,primerTones/short27.mp3,primerTones/short13.mp3,primerTones/short13.mp3,primerTones/short18.mp3,,,,primerTones/short4.mp3,primerTones/short4.mp3,primerTones/short4.mp3,,primerTones/short20.mp3,primerTones/short10.mp3,primerTones/short20.mp3,,,,primerTones/short19.mp3,,,primerTones/short19.mp3,,,,,,,,,,,,,,primerTones/short6.mp3,primerTones/short15.mp3,primerTones/short14.mp3,primerTones/short18.mp3,primerTones/short19.mp3,primerTones/short22.mp3,primerTones/short18.mp3,primerTones/short16.mp3,primerTones/short10.mp3,primerTones/long71.mp3,primerTones/long61.mp3,primerTones/long60.mp3,,,,,,,,primerTones/short20.mp3,,,,primerTones/short23.mp3,primerTones/short15.mp3,,,primerTones/short13.mp3,primerTones/short16.mp3,,,,primerTones/long64.mp3,primerTones/long69.mp3,primerTones/long65.mp3,primerTones/long69.mp3,primerTones/short23.mp3,primerTones/short28.mp3,primerTones/short20.mp3,primerTones/short21.mp3,,,primerTones/short16.mp3,,primerTones/short22.mp3,primerTones/short20.mp3,,primerTones/short21.mp3,,,primerTones/short22.mp3,,,,primerTones/short22.mp3,primerTones/short19.mp3,,,primerTones/short19.mp3,,,primerTones/short22.mp3,,,primerTones/short22.mp3,,,,,primerTones/short22.mp3,,primerTones/long69.mp3,,,primerTones/short10.mp3,primerTones/short12.mp3,primerTones/short8.mp3,primerTones/short10.mp3,primerTones/short12.mp3,primerTones/short8.mp3,primerTones/short10.mp3,primerTones/short12.mp3,primerTones/short8.mp3,primerTones/short10.mp3,primerTones/short12.mp3,primerTones/short8.mp3,primerTones/short7.mp3,primerTones/short9.mp3,primerTones/short6.mp3,primerTones/short7.mp3,primerTones/short9.mp3,primerTones/short6.mp3,primerTones/short7.mp3,primerTones/short9.mp3,primerTones/short6.mp3,primerTones/short4.mp3,primerTones/short6.mp3,primerTones/short3.mp3,primerTones/short4.mp3,primerTones/short6.mp3,primerTones/short3.mp3,primerTones/short4.mp3,primerTones/short6.mp3,primerTones/short3.mp3,primerTones/short4.mp3,primerTones/short6.mp3,primerTones/short3.mp3,primerTones/short9.mp3
,CorrespondingNote Baritone 2 [Pink],,,D3,A3,,A3,,Db3,,B3,D3,Eb3,B3,Bb3,E4,F4,F3,,A3,,E3,G3,G3,Bb3,A2,,,Ab3,Bb3,Ab3,G3,,Gb3,F3,,Bb3,,E4,,D4,,C4,Bb3,,Db4,F3,E3,Db3,Db3,,Eb4,Db3,Db3,Gb3,,,,E2,E2,E2,,Ab3,Bb2,Ab3,,,,G3,,,G3,,,,,,,,,,,,,,Gb2,Eb3,D3,Gb3,G3,Bb3,Gb3,E3,Bb2,A3,B2,Bb2,,,,,,,,Ab3,,,,B3,Eb3,,,Db3,E3,,,,D3,G3,Eb3,G3,B3,E4,Ab3,A3,,,E3,,Bb3,Ab3,,A3,,,Bb3,,,,Bb3,G3,,,G3,,,Bb3,,,Bb3,,,,,Bb3,,G3,,,Bb2,C3,Ab2,Bb2,C3,Ab2,Bb2,C3,Ab2,Bb2,C3,Ab2,G2,A2,Gb2,G2,A2,Gb2,G2,A2,Gb2,E2,Gb2,Eb2,E2,Gb2,Eb2,E2,Gb2,Eb2,E2,Gb2,Eb2,A2
,LCR-Event: CENTER (file name),,,,,,,,,,,,,,,,,,,,,,,,,,,,,,,,,,,,,,,,,,,,,,,,,,,,,,,,,,,,,,,,,,,,,,,,,,,,,,,,,,,,,,,,,,,,,,,,,,,,,,,,,,,,,,,,,,,,,,,,,,,,,,,,,,,,,,,,,,,,,,,,,,,,,,,,,,,,,,,,,,,,,,,,,,,,,,,,,,,,,,,,,,,,,,,,
,torch.midi (file name),,,,,,,,,,,,,,,,,,,,,,,,,,,,,,,,,,,,,,,,,,,,,,,,,,,,,,,,,,,,,,,,,,,,,,,,,,,,,,,,,,,,,,,,,,,,,,,,,,,,,,,,,,,,,,,,,,,,,,,,,,,,,,,,,,,,,,,,,,,,,,,,,,,,,,,,,,,,,,,,,,,,,,,,,,,,,,,,,,,,,,,,,,,,,,,,
,"Bass 3: Console Slots 3,4,18",,,primerTones/short14.mp3,,primerTones/short16.mp3,,,primerTones/short1.mp3,,primerTones/long70.mp3,primerTones/short2.mp3,primerTones/short14.mp3,primerTones/long70.mp3,primerTones/long71.mp3,primerTones/long75.mp3,primerTones/long76.mp3,primerTones/short14.mp3,primerTones/long66.mp3,primerTones/long68.mp3,,,,primerTones/short13.mp3,primerTones/short13.mp3,primerTones/short9.mp3,,,primerTones/short12.mp3,primerTones/short14.mp3,primerTones/short12.mp3,primerTones/short12.mp3,,primerTones/short11.mp3,primerTones/short24.mp3,,,,primerTones/short19.mp3,primerTones/short19.mp3,,,primerTones/short23.mp3,primerTones/short21.mp3,,primerTones/short25.mp3,primerTones/short17.mp3,primerTones/short16.mp3,primerTones/short5.mp3,,primerTones/short4.mp3,,primerTones/short5.mp3,primerTones/short5.mp3,primerTones/short6.mp3,,,,primerTones/short4.mp3,primerTones/short4.mp3,primerTones/short4.mp3,,primerTones/short20.mp3,primerTones/short10.mp3,primerTones/short10.mp3,,,,primerTones/short8.mp3,,,primerTones/short8.mp3,,,,,,,,,,,,,,primerTones/short6.mp3,primerTones/short15.mp3,primerTones/short14.mp3,primerTones/short18.mp3,primerTones/short19.mp3,primerTones/short22.mp3,primerTones/short18.mp3,primerTones/short16.mp3,primerTones/short10.mp3,primerTones/long71.mp3,primerTones/long61.mp3,primerTones/long60.mp3,,,,,,,,,,,,primerTones/short23.mp3,primerTones/short15.mp3,,,primerTones/short13.mp3,primerTones/short16.mp3,,,,primerTones/long56.mp3,primerTones/long57.mp3,primerTones/long58.mp3,primerTones/long62.mp3,primerTones/short14.mp3,primerTones/short19.mp3,primerTones/short20.mp3,,,,primerTones/short4.mp3,,primerTones/short22.mp3,primerTones/short22.mp3,,primerTones/short22.mp3,,primerTones/short13.mp3,,primerTones/short22.mp3,primerTones/short22.mp3,,,primerTones/short12.mp3,,,,primerTones/short12.mp3,,,primerTones/short13.mp3,,,,,primerTones/short13.mp3,,,,primerTones/long60.mp3,,,primerTones/short10.mp3,primerTones/short12.mp3,primerTones/short8.mp3,primerTones/short10.mp3,primerTones/short12.mp3,primerTones/short8.mp3,primerTones/short10.mp3,primerTones/short12.mp3,primerTones/short8.mp3,primerTones/short10.mp3,primerTones/short12.mp3,primerTones/short8.mp3,primerTones/short7.mp3,primerTones/short9.mp3,primerTones/short6.mp3,primerTones/short7.mp3,primerTones/short9.mp3,primerTones/short6.mp3,primerTones/short7.mp3,primerTones/short9.mp3,primerTones/short6.mp3,primerTones/short4.mp3,primerTones/short6.mp3,primerTones/short3.mp3,primerTones/short4.mp3,primerTones/short6.mp3,primerTones/short3.mp3,primerTones/short4.mp3,primerTones/short6.mp3,primerTones/short3.mp3,primerTones/short4.mp3,primerTones/short6.mp3,primerTones/short3.mp3,primerTones/short9.mp3
,CorrespondingNote Bass 3 [Purple],,,D3,,E3,,,Db2,,Ab3,D2,D3,Ab3,A3,Db4,D4,D3,E3,Gb3,,,,Db3,Db3,A2,,,C3,D3,C3,C3,,B2,C4,,,,G3,G3,,,B3,A3,,Db4,F3,E3,F2,,E2,,F2,F2,Gb2,,,,E2,E2,E2,,Ab3,Bb2,Bb2,,,,Ab2,,,Ab2,,,,,,,,,,,,,,Gb2,Eb3,D3,Gb3,G3,Bb3,Gb3,E3,Bb2,A3,B2,Bb2,,,,,,,,,,,,B3,Eb3,,,Db3,E3,,,,Gb2,G2,Ab2,C3,D3,G3,Ab3,,,,E2,,Bb3,Bb3,,Bb3,,Db3,,Bb3,Bb3,,,C3,,,,C3,,,Db3,,,,,Db3,,,,Bb2,,,Bb2,C3,Ab2,Bb2,C3,Ab2,Bb2,C3,Ab2,Bb2,C3,Ab2,G2,A2,Gb2,G2,A2,Gb2,G2,A2,Gb2,E2,Gb2,Eb2,E2,Gb2,Eb2,E2,Gb2,Eb2,E2,Gb2,Eb2,A2
,LCR-Event: CENTER (file name),,,,,,,,,,,,,,,,,,,,,,,,,,,,,,,,,,,,,,,,,,,,,,,,,,,,,,,,,,,,,,,,,,,,,,,,,,,,,,,,,,,,,,,,,,,,,,,,,,,,,,,,,,,,,,,,,,,,,,,,,,,,,,,,,,,,,,,,,,,,,,,,,,,,,,,,,,,,,,,,,,,,,,,,,,,,,,,,,,,,,,,,,,,,,,,,
,torch.midi (file name),,,,,,,,,,,,,,,,,,,,,,,,,,,,,,,,,,,,,,,,,,,,,,,,,,,,,,,,,,,,,,,,,,,,,,,,,,,,,,,,,,,,,,,,,,,,,,,,,,,,,,,,,,,,,,,,,,,,,,,,,,,,,,,,,,,,,,,,,,,,,,,,,,,,,,,,,,,,,,,,,,,,,,,,,,,,,,,,,,,,,,,,,,,,,,,,
,,,,,,,,,,,LONG,,,LONG,LONG,LONG,LONG,,LONG,LONG,,LONG,LONG,,,,LONG,,,,,,,,,,,,,,,,,,,,,,,,,,,,,,,,,,,,,,,,,,,,,,,,,,,,,,,,,,,,,,,,,,,,LONG,LONG,LONG,,,,,,,,,,,,,,,,,,,,,LONG,LONG,LONG,LONG,,,,,,,,,,,,,,,,,,,,,,,,,,,,,,,,,,,,LONG,,,,,,,,,,,,,,,,,,,,,,,,,,,,,,,,,,,,
,LCR-Event: LEFT (file name),WATER,Entrance / Night Sounds + Shimmery jingling,,,,,,,,,,,,,,,,,,,,,,,,,,,,,,,,,,,,,,,,,,,,,,,,,,,,,,,,,,,,,,,,,,,,,,,,,,,,,,,,,,,,,,,,,,,,,,,,,,,,,,,,,,,,,,,,,,,,,,,,,,,Concrete-L,,,,,,,,,,,,,,,,,,,,,,,,,,,,,,,,,,,,,,,,,,,,,,,,,,,,,,,,,,,,,,,,,,,
,LCR-Event: CENTER (file name),WATER,Entrance / Night Sounds + Shimmery jingling,,,,,,,,,,,,,,,,,,,,,,,,,,,,,,,,,,,,,,,,,,,,,,,,,,,,,,,,,,,,,,,,,,,,,,,,,,,,,,,,,,,,,,,,,,,,,,,,,,,,,,,,,,,,,,,,,,,,,,,,,,,Concrete-C,,,,,,,,,,,,,,,,,,,,,,,,,,,,,,,,,,,,,,,,,,,,,,,,,,,,,,,,,,,,,,,,,,,
,LCR-Event: RIGHT (file name),WATER,Entrance / Night Sounds + Shimmery jingling,,,,,,,,,,,,,,,,,,,,,,,,,,,,,,,,,,,,,,,,,,,,,,,,,,,,,,,,,,,,,,,,,,,,,,,,,,,,,,,,,,,,,,,,,,,,,,,,,,,,,,,,,,,,,,,,,,,,,,,,,,,Concrete-R,,,,,,,,,,,,,,,,,,,,,,,,,,,,,,,,,,,,,,,,,,,,,,,,,,,,,,,,,,,,,,,,,,,
,,,,,,,,,,,,,,,,,,,,,,,,,,,,,,,,,,,,,,,,,,,,,,,,,,,,,,,,,,,,,,,,,,,,,,,,,,,,,,,,,,,,,,,,,,,,,,,,,,,,,,,,,,,,,,,,,,,,,,,,,,,,,,,,,,,,,,,,,,,,,,,,,,,,,,,,,,,,,,,,,,,,,,,,,,,,,,,,,,,,,,,,,,,,,,,,,
,To map the pT# to Pitch:,,,,,,,,,,,,,,,,,,,,,,,,,,,,,,,,,,,,,,,,,,,,,,,,,,,,,,,,,,,,,,,,,,,,,,,,,,,,,,,,,,,,,,,,,,,,,,,,,,,,,,,,,,,,,,,,,,,,,,,,,,,,,,,,,,,,,,,,,,,,,,,,,,,,,,,,,,,,,,,,,,,,,,,,,,,,,,,,,,,,,,,,,,,,,,,,
,,,,,,,,,,,,,,,,,,,,,,,,,,,,,,,,,,,,,,,,,,,,,,,,,,,,,,,,,,,,,,,,,,,,,,,,,,,,,,,,,,,,,,,,,,,,,,,,,,,,,,,,,,,,,,,,,,,,,,,,,,,,,,,,,,,,,,,,,,,,,,,,,,,,,,,,,,,,,,,,,,,,,,,,,,,,,,,,,,,,,,,,,,,,,,,,,
,Short0 = Long50 = C2,,,,,,,,,,,,,,,,,,,,,,,,,,,,,,,,,,,,,,,,,,,,,,,,,,,,,,,,,,,,,,,,,,,,,,,,,,,,,,,,,,,,,,,,,,,,,,,,,,,,,,,,,,,,,,,,,,,,,,,,,,,,,,,,,,,,,,,,,,,,,,,,,,,,,,,,,,,,,,,,,,,,,,,,,,,,,,,,,,,,,,,,,,,,,,,,
,Short1 = Long51 = C#2,,,,,,,,,,,,,,,,,,,,,,,,,,,,,,,,,,,,,,,,,,,,,,,,,,,,,,,,,,,,,,,,,,,,,,,,,,,,,,,,,,,,,,,,,,,,,,,,,,,,,,,,,,,,,,,,,,,,,,,,,,,,,,,,,,,,,,,,,,,,,,,,,,,,,,,,,,,,,,,,,,,,,,,,,,,,,,,,,,,,,,,,,,,,,,,,
,Short2 = Long52 = D2,,,,,,,,,,,,,,,,,,,,,,,,,,,,,,,,,,,,,,,,,,,,,,,,,,,,,,,,,,,,,,,,,,,,,,,,,,,,,,,,,,,,,,,,,,,,,,,,,,,,,,,,,,,,,,,,,,,,,,,,,,,,,,,,,,,,,,,,,,,,,,,,,,,,,,,,,,,,,,,,,,,,,,,,,,,,,,,,,,,,,,,,,,,,,,,,
,(etc),,,,,,,,,,,,,,,,,,,,,,,,,,,,,,,,,,,,,,,,,,,,,,,,,,,,,,,,,,,,,,,,,,,,,,,,,,,,,,,,,,,,,,,,,,,,,,,,,,,,,,,,,,,,,,,,,,,,,,,,,,,,,,,,,,,,,,,,,,,,,,,,,,,,,,,,,,,,,,,,,,,,,,,,,,,,,,,,,,,,,,,,,,,,,,,,